Name,Tag,Region,Email,Phone
John Doe,Community,Italy,john.doe@example.com,1234567890
Jane Smith,Community,Germany,jane.smith@example.com,2345678901
Michael Brown,Community,Austria,michael.brown@example.com,3456789012
Emily Johnson,Community,Italy,emily.johnson@example.com,4567890123
Chris Evans,Community,Germany,chris.evans@example.com,5678901234
Sarah Wilson,Community,Austria,sarah.wilson@example.com,6789012345
David Lee,Community,Italy,david.lee@example.com,7890123456
Laura Martinez,Community,Germany,laura.martinez@example.com,8901234567
James Taylor,Community,Austria,james.taylor@example.com,9012345678
Olivia Garcia,Community,Italy,olivia.garcia@example.com,1123456789
Liam Anderson,Community,Germany,liam.anderson@example.com,2234567890
Sophia Thomas,Community,Austria,sophia.thomas@example.com,3345678901
Benjamin Moore,Community,Italy,benjamin.moore@example.com,4456789012
Ava Martin,Community,Germany,ava.martin@example.com,5567890123
Lucas Jackson,Community,Austria,lucas.jackson@example.com,6678901234
Mia White,Community,Italy,mia.white@example.com,7789012345
Elijah Harris,Community,Germany,elijah.harris@example.com,8890123456
Amelia Clark,Community,Austria,amelia.clark@example.com,9901234567
Noah Lewis,Community,Italy,noah.lewis@example.com,1012345678
Isabella Young,Community,Germany,isabella.young@example.com,2123456789